platform,condition,replicate,clonotype,number of UMI,clonotype_full,log10(number of UMI)
NextSeq2000,10% RNA,rep1,1,4819,TRBC:V5-6:TGTGCCAGCAGCCGAGGGGAACCCCCCTGGACCTACAATGAGCAGTTCTTC:J2-1,3.6829569263012085
NextSeq2000,10% RNA,rep2,1,4424,TRBC:V5-6:TGTGCCAGCAGCCGAGGGGAACCCCCCTGGACCTACAATGAGCAGTTCTTC:J2-1,3.6458151182966416
NextSeq2000,1% RNA,rep1,1,463,TRBC:V5-6:TGTGCCAGCAGCCGAGGGGAACCCCCCTGGACCTACAATGAGCAGTTCTTC:J2-1,2.6655809910179533
NextSeq2000,1% RNA,rep2,1,385,TRBC:V5-6:TGTGCCAGCAGCCGAGGGGAACCCCCCTGGACCTACAATGAGCAGTTCTTC:J2-1,2.5854607295085006
NextSeq2000,0.1% RNA,rep1,1,39,TRBC:V5-6:TGTGCCAGCAGCCGAGGGGAACCCCCCTGGACCTACAATGAGCAGTTCTTC:J2-1,1.591064607026499
NextSeq2000,0.1% RNA,rep2,1,42,TRBC:V5-6:TGTGCCAGCAGCCGAGGGGAACCCCCCTGGACCTACAATGAGCAGTTCTTC:J2-1,1.6232492903979006
NextSeq2000,0.01% RNA,rep1,1,2,TRBC:V5-6:TGTGCCAGCAGCCGAGGGGAACCCCCCTGGACCTACAATGAGCAGTTCTTC:J2-1,0.3010299956639812
NextSeq2000,0.01% RNA,rep2,1,3,TRBC:V5-6:TGTGCCAGCAGCCGAGGGGAACCCCCCTGGACCTACAATGAGCAGTTCTTC:J2-1,0.47712125471966244
Miseq,10% RNA,rep1,1,4394,TRBC:V5-6:TGTGCCAGCAGCCGAGGGGAACCCCCCTGGACCTACAATGAGCAGTTCTTC:J2-1,3.6428600525844916
Miseq,10% RNA,rep2,1,4229,TRBC:V5-6:TGTGCCAGCAGCCGAGGGGAACCCCCCTGGACCTACAATGAGCAGTTCTTC:J2-1,3.6262376851469003
Miseq,1% RNA,rep1,1,464,TRBC:V5-6:TGTGCCAGCAGCCGAGGGGAACCCCCCTGGACCTACAATGAGCAGTTCTTC:J2-1,2.6665179805548807
Miseq,1% RNA,rep2,1,371,TRBC:V5-6:TGTGCCAGCAGCCGAGGGGAACCCCCCTGGACCTACAATGAGCAGTTCTTC:J2-1,2.569373909615046
Miseq,0.1% RNA,rep1,1,34,TRBC:V5-6:TGTGCCAGCAGCCGAGGGGAACCCCCCTGGACCTACAATGAGCAGTTCTTC:J2-1,1.5314789170422551
Miseq,0.1% RNA,rep2,1,41,TRBC:V5-6:TGTGCCAGCAGCCGAGGGGAACCCCCCTGGACCTACAATGAGCAGTTCTTC:J2-1,1.6127838567197355
Miseq,0.01% RNA,rep1,1,2,TRBC:V5-6:TGTGCCAGCAGCCGAGGGGAACCCCCCTGGACCTACAATGAGCAGTTCTTC:J2-1,0.3010299956639812
Miseq,0.01% RNA,rep2,1,2,TRBC:V5-6:TGTGCCAGCAGCCGAGGGGAACCCCCCTGGACCTACAATGAGCAGTTCTTC:J2-1,0.3010299956639812
NextSeq2000,10% RNA,rep1,3,951,TRBC:V12-3:TGTGCCAGCAGTTTCTCGACCTGTTCGGCTAACTATGGCTACACCTTC:J1-2,2.978180516937414
NextSeq2000,10% RNA,rep2,3,879,TRBC:V12-3:TGTGCCAGCAGTTTCTCGACCTGTTCGGCTAACTATGGCTACACCTTC:J1-2,2.9439888750737717
NextSeq2000,1% RNA,rep1,3,93,TRBC:V12-3:TGTGCCAGCAGTTTCTCGACCTGTTCGGCTAACTATGGCTACACCTTC:J1-2,1.968482948553935
NextSeq2000,1% RNA,rep2,3,66,TRBC:V12-3:TGTGCCAGCAGTTTCTCGACCTGTTCGGCTAACTATGGCTACACCTTC:J1-2,1.8195439355418688
NextSeq2000,0.1% RNA,rep1,3,2,TRBC:V12-3:TGTGCCAGCAGTTTCTCGACCTGTTCGGCTAACTATGGCTACACCTTC:J1-2,0.3010299956639812
NextSeq2000,0.1% RNA,rep2,3,9,TRBC:V12-3:TGTGCCAGCAGTTTCTCGACCTGTTCGGCTAACTATGGCTACACCTTC:J1-2,0.9542425094393249
Miseq,10% RNA,rep1,3,878,TRBC:V12-3:TGTGCCAGCAGTTTCTCGACCTGTTCGGCTAACTATGGCTACACCTTC:J1-2,2.9434945159061026
Miseq,10% RNA,rep2,3,801,TRBC:V12-3:TGTGCCAGCAGTTTCTCGACCTGTTCGGCTAACTATGGCTACACCTTC:J1-2,2.9036325160842376
Miseq,1% RNA,rep1,3,89,TRBC:V12-3:TGTGCCAGCAGTTTCTCGACCTGTTCGGCTAACTATGGCTACACCTTC:J1-2,1.9493900066449128
Miseq,1% RNA,rep2,3,63,TRBC:V12-3:TGTGCCAGCAGTTTCTCGACCTGTTCGGCTAACTATGGCTACACCTTC:J1-2,1.7993405494535817
Miseq,0.1% RNA,rep1,3,1,TRBC:V12-3:TGTGCCAGCAGTTTCTCGACCTGTTCGGCTAACTATGGCTACACCTTC:J1-2,0.0
Miseq,0.1% RNA,rep2,3,9,TRBC:V12-3:TGTGCCAGCAGTTTCTCGACCTGTTCGGCTAACTATGGCTACACCTTC:J1-2,0.9542425094393249
NextSeq2000,10% RNA,rep1,5,170,TRBC:V2:TGTGCCAGCAAGACTACCCAAAGCACAGATACGCAGTATTTT:J2-3,2.230448921378274
NextSeq2000,10% RNA,rep2,5,183,TRBC:V2:TGTGCCAGCAAGACTACCCAAAGCACAGATACGCAGTATTTT:J2-3,2.2624510897304293
NextSeq2000,1% RNA,rep1,5,20,TRBC:V2:TGTGCCAGCAAGACTACCCAAAGCACAGATACGCAGTATTTT:J2-3,1.3010299956639813
NextSeq2000,1% RNA,rep2,5,9,TRBC:V2:TGTGCCAGCAAGACTACCCAAAGCACAGATACGCAGTATTTT:J2-3,0.9542425094393249
NextSeq2000,0.1% RNA,rep2,5,1,TRBC:V2:TGTGCCAGCAAGACTACCCAAAGCACAGATACGCAGTATTTT:J2-3,0.0
Miseq,10% RNA,rep1,5,162,TRBC:V2:TGTGCCAGCAAGACTACCCAAAGCACAGATACGCAGTATTTT:J2-3,2.2095150145426308
Miseq,10% RNA,rep2,5,172,TRBC:V2:TGTGCCAGCAAGACTACCCAAAGCACAGATACGCAGTATTTT:J2-3,2.2355284469075487
Miseq,1% RNA,rep1,5,19,TRBC:V2:TGTGCCAGCAAGACTACCCAAAGCACAGATACGCAGTATTTT:J2-3,1.2787536009528289
Miseq,1% RNA,rep2,5,8,TRBC:V2:TGTGCCAGCAAGACTACCCAAAGCACAGATACGCAGTATTTT:J2-3,0.9030899869919435
Miseq,0.1% RNA,rep2,5,1,TRBC:V2:TGTGCCAGCAAGACTACCCAAAGCACAGATACGCAGTATTTT:J2-3,0.0
NextSeq2000,10% RNA,rep1,6,79,TRAC:V8-4:TGTGCTGTGAGTGATCTCGAACCGAACAGCAGTGCTTCCAAGATAATCTTT:J3,1.8976270912904414
NextSeq2000,10% RNA,rep2,6,86,TRAC:V8-4:TGTGCTGTGAGTGATCTCGAACCGAACAGCAGTGCTTCCAAGATAATCTTT:J3,1.9344984512435677
NextSeq2000,1% RNA,rep1,6,7,TRAC:V8-4:TGTGCTGTGAGTGATCTCGAACCGAACAGCAGTGCTTCCAAGATAATCTTT:J3,0.8450980400142568
NextSeq2000,1% RNA,rep2,6,14,TRAC:V8-4:TGTGCTGTGAGTGATCTCGAACCGAACAGCAGTGCTTCCAAGATAATCTTT:J3,1.146128035678238
NextSeq2000,0.1% RNA,rep2,6,1,TRAC:V8-4:TGTGCTGTGAGTGATCTCGAACCGAACAGCAGTGCTTCCAAGATAATCTTT:J3,0.0
Miseq,10% RNA,rep1,6,95,TRAC:V8-4:TGTGCTGTGAGTGATCTCGAACCGAACAGCAGTGCTTCCAAGATAATCTTT:J3,1.9777236052888478
Miseq,10% RNA,rep2,6,99,TRAC:V8-4:TGTGCTGTGAGTGATCTCGAACCGAACAGCAGTGCTTCCAAGATAATCTTT:J3,1.99563519459755
Miseq,1% RNA,rep1,6,7,TRAC:V8-4:TGTGCTGTGAGTGATCTCGAACCGAACAGCAGTGCTTCCAAGATAATCTTT:J3,0.8450980400142568
Miseq,1% RNA,rep2,6,13,TRAC:V8-4:TGTGCTGTGAGTGATCTCGAACCGAACAGCAGTGCTTCCAAGATAATCTTT:J3,1.1139433523068367
Miseq,0.1% RNA,rep2,6,2,TRAC:V8-4:TGTGCTGTGAGTGATCTCGAACCGAACAGCAGTGCTTCCAAGATAATCTTT:J3,0.3010299956639812
NextSeq2000,10% RNA,rep1,7,23,TRAC:V13-2:TGTGCAGAGAATATCGGAACTGGGGCAAACAACCTCTTCTTT:J36,1.3617278360175928
NextSeq2000,10% RNA,rep2,7,37,TRAC:V13-2:TGTGCAGAGAATATCGGAACTGGGGCAAACAACCTCTTCTTT:J36,1.568201724066995
NextSeq2000,1% RNA,rep1,7,2,TRAC:V13-2:TGTGCAGAGAATATCGGAACTGGGGCAAACAACCTCTTCTTT:J36,0.3010299956639812
NextSeq2000,1% RNA,rep2,7,3,TRAC:V13-2:TGTGCAGAGAATATCGGAACTGGGGCAAACAACCTCTTCTTT:J36,0.47712125471966244
Miseq,10% RNA,rep1,7,23,TRAC:V13-2:TGTGCAGAGAATATCGGAACTGGGGCAAACAACCTCTTCTTT:J36,1.3617278360175928
Miseq,10% RNA,rep2,7,34,TRAC:V13-2:TGTGCAGAGAATATCGGAACTGGGGCAAACAACCTCTTCTTT:J36,1.5314789170422551
Miseq,1% RNA,rep1,7,2,TRAC:V13-2:TGTGCAGAGAATATCGGAACTGGGGCAAACAACCTCTTCTTT:J36,0.3010299956639812
Miseq,1% RNA,rep2,7,3,TRAC:V13-2:TGTGCAGAGAATATCGGAACTGGGGCAAACAACCTCTTCTTT:J36,0.47712125471966244
NextSeq2000,10% RNA,rep1,2,1538,TRDC:V23/DV6:TGTGCAGCAAGCAAAGCTGCCGGTTTGACAGCACAACTCTTCTTT:J2,3.1869563354654122
NextSeq2000,10% RNA,rep2,2,1419,TRDC:V23/DV6:TGTGCAGCAAGCAAAGCTGCCGGTTTGACAGCACAACTCTTCTTT:J2,3.151982395457474
NextSeq2000,1% RNA,rep1,2,121,TRDC:V23/DV6:TGTGCAGCAAGCAAAGCTGCCGGTTTGACAGCACAACTCTTCTTT:J2,2.08278537031645
NextSeq2000,1% RNA,rep2,2,120,TRDC:V23/DV6:TGTGCAGCAAGCAAAGCTGCCGGTTTGACAGCACAACTCTTCTTT:J2,2.0791812460476247
NextSeq2000,0.1% RNA,rep1,2,11,TRDC:V23/DV6:TGTGCAGCAAGCAAAGCTGCCGGTTTGACAGCACAACTCTTCTTT:J2,1.041392685158225
NextSeq2000,0.1% RNA,rep2,2,7,TRDC:V23/DV6:TGTGCAGCAAGCAAAGCTGCCGGTTTGACAGCACAACTCTTCTTT:J2,0.8450980400142568
NextSeq2000,0.01% RNA,rep2,2,3,TRDC:V23/DV6:TGTGCAGCAAGCAAAGCTGCCGGTTTGACAGCACAACTCTTCTTT:J2,0.47712125471966244
Miseq,10% RNA,rep1,2,1205,TRDC:V23/DV6:TGTGCAGCAAGCAAAGCTGCCGGTTTGACAGCACAACTCTTCTTT:J2,3.080987046910887
Miseq,10% RNA,rep2,2,1153,TRDC:V23/DV6:TGTGCAGCAAGCAAAGCTGCCGGTTTGACAGCACAACTCTTCTTT:J2,3.061829307294699
Miseq,1% RNA,rep1,2,112,TRDC:V23/DV6:TGTGCAGCAAGCAAAGCTGCCGGTTTGACAGCACAACTCTTCTTT:J2,2.0492180226701815
Miseq,1% RNA,rep2,2,106,TRDC:V23/DV6:TGTGCAGCAAGCAAAGCTGCCGGTTTGACAGCACAACTCTTCTTT:J2,2.0253058652647704
Miseq,0.1% RNA,rep1,2,8,TRDC:V23/DV6:TGTGCAGCAAGCAAAGCTGCCGGTTTGACAGCACAACTCTTCTTT:J2,0.9030899869919435
Miseq,0.1% RNA,rep2,2,7,TRDC:V23/DV6:TGTGCAGCAAGCAAAGCTGCCGGTTTGACAGCACAACTCTTCTTT:J2,0.8450980400142568
Miseq,0.01% RNA,rep2,2,2,TRDC:V23/DV6:TGTGCAGCAAGCAAAGCTGCCGGTTTGACAGCACAACTCTTCTTT:J2,0.3010299956639812
NextSeq2000,10% RNA,rep1,4,373,TRGC:V9:TGTGCCTTGTGGGAGCCCCCCCCCTCGAATTATTATAAGAAACTCTTT:J2,2.571708831808688
NextSeq2000,10% RNA,rep2,4,361,TRGC:V9:TGTGCCTTGTGGGAGCCCCCCCCCTCGAATTATTATAAGAAACTCTTT:J2,2.5575072019056577
NextSeq2000,1% RNA,rep1,4,27,TRGC:V9:TGTGCCTTGTGGGAGCCCCCCCCCTCGAATTATTATAAGAAACTCTTT:J2,1.4313637641589874
NextSeq2000,1% RNA,rep2,4,32,TRGC:V9:TGTGCCTTGTGGGAGCCCCCCCCCTCGAATTATTATAAGAAACTCTTT:J2,1.505149978319906
NextSeq2000,0.1% RNA,rep1,4,3,TRGC:V9:TGTGCCTTGTGGGAGCCCCCCCCCTCGAATTATTATAAGAAACTCTTT:J2,0.47712125471966244
NextSeq2000,0.1% RNA,rep2,4,6,TRGC:V9:TGTGCCTTGTGGGAGCCCCCCCCCTCGAATTATTATAAGAAACTCTTT:J2,0.7781512503836436
Miseq,10% RNA,rep1,4,356,TRGC:V9:TGTGCCTTGTGGGAGCCCCCCCCCTCGAATTATTATAAGAAACTCTTT:J2,2.5514499979728753
Miseq,10% RNA,rep2,4,353,TRGC:V9:TGTGCCTTGTGGGAGCCCCCCCCCTCGAATTATTATAAGAAACTCTTT:J2,2.5477747053878224
Miseq,1% RNA,rep1,4,25,TRGC:V9:TGTGCCTTGTGGGAGCCCCCCCCCTCGAATTATTATAAGAAACTCTTT:J2,1.3979400086720377
Miseq,1% RNA,rep2,4,35,TRGC:V9:TGTGCCTTGTGGGAGCCCCCCCCCTCGAATTATTATAAGAAACTCTTT:J2,1.5440680443502757
Miseq,0.1% RNA,rep1,4,4,TRGC:V9:TGTGCCTTGTGGGAGCCCCCCCCCTCGAATTATTATAAGAAACTCTTT:J2,0.6020599913279624
Miseq,0.1% RNA,rep2,4,5,TRGC:V9:TGTGCCTTGTGGGAGCCCCCCCCCTCGAATTATTATAAGAAACTCTTT:J2,0.6989700043360189
